氨ó布腹,J初啥,X初啥,o布腹X,ΜO髅B
5986,2020/10/31 21:57:48,2020/11/01 00:14:26,56943284,150
5950,2020/10/31 08:27:00,2020/11/01 00:53:31,56943285,150
5982,2020/10/31 20:46:46,2020/11/01 02:53:12,56943286,150
5985,2020/10/31 21:53:38,2020/11/01 06:56:14,56943287,150
5991,2020/11/01 07:03:38,2020/11/01 08:08:48,56943288,90
5996,2020/11/01 09:57:31,2020/11/01 10:32:35,56943289,60
5994,2020/11/01 09:35:02,2020/11/01 10:58:23,56943290,90
5987,2020/10/31 22:26:23,2020/11/01 12:11:31,56943291,150
5999,2020/11/01 12:15:35,2020/11/01 12:48:47,56943292,60
6000,2020/11/01 12:51:09,2020/11/01 13:50:55,56943293,60
6001,2020/11/01 14:07:20,2020/11/01 15:06:31,56943294,60
5997,2020/11/01 10:36:16,2020/11/01 15:29:56,56943295,150
5995,2020/11/01 09:51:34,2020/11/01 15:47:59,56943296,150
5989,2020/11/01 05:39:52,2020/11/01 17:07:02,56943297,150
5998,2020/11/01 11:09:21,2020/11/01 17:28:32,56943298,150
6002,2020/11/01 16:06:24,2020/11/01 17:37:34,56943299,120
5992,2020/11/01 08:50:06,2020/11/01 18:34:32,56943300,150
5988,2020/11/01 02:10:55,2020/11/01 19:01:14,56943301,150
6003,2020/11/01 17:53:50,2020/11/01 19:15:03,56943302,90
5990,2020/11/01 06:55:48,2020/11/01 19:16:57,56943303,150
6004,2020/11/01 17:56:44,2020/11/01 19:55:22,56943304,120
6006,2020/11/01 18:41:37,2020/11/01 20:38:16,56943305,120
6007,2020/11/01 18:43:00,2020/11/01 20:41:32,56943306,120
5945,2020/10/31 00:59:41,2020/11/01 21:07:37,56943307,300
6005,2020/11/01 18:41:05,2020/11/01 21:17:41,56943308,150
6008,2020/11/01 18:53:40,2020/11/01 21:26:08,56943309,150
6009,2020/11/01 19:02:34,2020/11/01 21:39:09,56943310,150
6011,2020/11/01 19:25:06,2020/11/01 21:46:39,56943311,150
6010,2020/11/01 19:16:30,2020/11/01 21:51:09,56943312,150
6012,2020/11/01 20:10:36,2020/11/01 22:08:45,56943313,120
6014,2020/11/01 21:50:43,2020/11/02 00:35:11,56943314,150
6013,2020/11/01 21:44:05,2020/11/02 01:07:30,56943315,150
6016,2020/11/02 00:50:33,2020/11/02 08:53:10,56943316,150
6018,2020/11/02 08:43:12,2020/11/02 09:07:22,56943317,15
6019,2020/11/02 08:51:16,2020/11/02 09:24:12,56943318,30
6021,2020/11/02 09:00:01,2020/11/02 09:50:53,56943319,30
6025,2020/11/02 10:22:14,2020/11/02 10:36:56,56943320,15
6023,2020/11/02 10:09:30,2020/11/02 10:42:34,56943321,30
6022,2020/11/02 09:01:40,2020/11/02 10:50:01,56943322,60
6024,2020/11/02 10:13:32,2020/11/02 11:04:31,56943323,30
6027,2020/11/02 10:44:52,2020/11/02 11:07:40,56943324,15
6029,2020/11/02 11:03:17,2020/11/02 11:26:38,56943325,15
6030,2020/11/02 11:17:53,2020/11/02 11:50:00,56943326,30
6031,2020/11/02 11:36:13,2020/11/02 12:33:23,56943327,30
6033,2020/11/02 12:32:52,2020/11/02 12:57:15,56943328,15
6034,2020/11/02 12:42:35,2020/11/02 14:03:31,56943329,45
6035,2020/11/02 13:55:53,2020/11/02 14:21:36,56943330,15
6036,2020/11/02 14:10:50,2020/11/02 15:08:58,56943331,30
6015,2020/11/01 23:27:24,2020/11/02 15:33:05,56943332,150
6032,2020/11/02 12:02:19,2020/11/02 15:40:57,56943333,120
6039,2020/11/02 15:21:25,2020/11/02 15:45:36,56943334,15
6038,2020/11/02 14:28:45,2020/11/02 15:52:39,56943335,45
6041,2020/11/02 15:44:22,2020/11/02 16:47:49,56943336,45
6037,2020/11/02 14:18:20,2020/11/02 16:56:25,56943337,90
6042,2020/11/02 16:17:07,2020/11/02 17:28:57,56943338,45
6020,2020/11/02 08:54:04,2020/11/02 18:08:26,56943339,150
6017,2020/11/02 08:08:07,2020/11/02 18:26:39,56943340,150
6043,2020/11/02 16:29:15,2020/11/02 18:44:16,56943341,75
6045,2020/11/02 18:42:13,2020/11/02 19:06:57,56943342,15
6040,2020/11/02 15:35:40,2020/11/02 19:29:51,56943343,120
6044,2020/11/02 17:40:41,2020/11/02 19:33:55,56943344,60
6046,2020/11/02 19:27:02,2020/11/02 19:55:40,56943345,15
5993,2020/11/01 09:08:56,2020/11/02 21:03:44,56943346,300
6049,2020/11/02 20:59:34,2020/11/02 22:34:33,56943347,60
6028,2020/11/02 10:46:15,2020/11/02 23:24:09,56943348,150
6026,2020/11/02 10:26:48,2020/11/02 23:24:50,56943349,150
5955,2020/10/31 10:24:27,2020/11/03 00:25:40,56943350,450
6050,2020/11/02 21:04:13,2020/11/03 07:13:16,56943351,150
6057,2020/11/03 10:04:45,2020/11/03 10:08:57,56943352,15
6048,2020/11/02 20:45:55,2020/11/03 11:12:37,56943353,150
6055,2020/11/03 09:03:40,2020/11/03 12:15:23,56943354,105
6061,2020/11/03 11:55:11,2020/11/03 12:20:16,56943355,15
6060,2020/11/03 11:53:00,2020/11/03 12:57:58,56943356,45
6059,2020/11/03 11:18:42,2020/11/03 13:49:05,56943357,75
6065,2020/11/03 13:50:31,2020/11/03 14:16:51,56943358,15
6066,2020/11/03 14:21:11,2020/11/03 16:29:32,56943359,75
6062,2020/11/03 12:26:57,2020/11/03 16:30:19,56943360,135
6047,2020/11/02 20:42:48,2020/11/03 16:38:53,56943361,150
6063,2020/11/03 12:56:53,2020/11/03 16:51:11,56943362,120
6058,2020/11/03 11:07:00,2020/11/03 17:05:16,56943363,150
6053,2020/11/03 08:19:51,2020/11/03 18:06:30,56943364,150
6052,2020/11/03 08:17:28,2020/11/03 18:15:24,56943365,150
6064,2020/11/03 13:34:08,2020/11/03 18:25:38,56943366,150
6051,2020/11/03 08:17:12,2020/11/03 18:29:16,56943367,150
6056,2020/11/03 09:17:01,2020/11/03 19:02:22,56943368,150
6070,2020/11/03 18:53:31,2020/11/03 19:22:43,56943369,15
6069,2020/11/03 18:51:19,2020/11/03 19:41:12,56943370,30
6071,2020/11/03 19:08:43,2020/11/03 19:52:51,56943371,30
6067,2020/11/03 17:56:17,2020/11/03 20:23:08,56943372,75
6068,2020/11/03 18:35:51,2020/11/03 20:59:10,56943373,75
6072,2020/11/03 19:58:48,2020/11/03 21:13:19,56943374,45
6074,2020/11/03 20:09:53,2020/11/03 21:17:02,56943375,45
6075,2020/11/03 20:52:48,2020/11/03 22:26:55,56943376,60
6073,2020/11/03 20:03:04,2020/11/03 22:43:04,56943377,90
6076,2020/11/03 21:46:58,2020/11/03 22:54:23,56943378,45
6054,2020/11/03 08:25:32,2020/11/04 01:42:31,56943379,150
6077,2020/11/03 23:33:55,2020/11/04 04:05:44,56943380,150
6084,2020/11/04 08:45:32,2020/11/04 09:14:16,56943381,15
6089,2020/11/04 10:26:08,2020/11/04 10:35:11,56943382,15
6085,2020/11/04 09:15:06,2020/11/04 11:15:33,56943383,60
6088,2020/11/04 10:21:07,2020/11/04 11:34:06,56943384,45
6091,2020/11/04 11:18:55,2020/11/04 11:48:15,56943385,15
6092,2020/11/04 11:49:37,2020/11/04 12:16:17,56943386,15
6090,2020/11/04 10:37:42,2020/11/04 12:18:04,56943387,60
6082,2020/11/04 08:27:35,2020/11/04 12:27:04,56943388,120
6078,2020/11/04 02:26:18,2020/11/04 12:40:17,56943389,150
6093,2020/11/04 12:10:23,2020/11/04 13:34:28,56943390,45
6099,2020/11/04 13:35:29,2020/11/04 13:48:00,56943391,15
6096,2020/11/04 13:29:49,2020/11/04 13:52:50,56943392,15
6098,2020/11/04 13:30:12,2020/11/04 13:53:40,56943393,15
6101,2020/11/04 14:56:07,2020/11/04 15:15:56,56943394,15
6095,2020/11/04 13:16:14,2020/11/04 15:21:22,56943395,75
6094,2020/11/04 13:02:34,2020/11/04 15:43:59,56943396,90
6100,2020/11/04 14:52:38,2020/11/04 15:56:20,56943397,45
6083,2020/11/04 08:27:59,2020/11/04 15:57:31,56943398,150
6087,2020/11/04 09:56:32,2020/11/04 16:01:26,56943399,150
6081,2020/11/04 08:06:43,2020/11/04 16:35:05,56943400,150
6079,2020/11/04 07:57:11,2020/11/04 16:50:11,56943401,150
6102,2020/11/04 14:59:20,2020/11/04 17:07:41,56943402,75
6080,2020/11/04 08:02:10,2020/11/04 18:24:41,56943403,150
6086,2020/11/04 09:45:03,2020/11/04 18:59:00,56943404,150
6103,2020/11/04 17:55:34,2020/11/04 19:16:30,56943405,45
6104,2020/11/04 18:11:51,2020/11/04 19:19:05,56943406,45
6106,2020/11/04 18:43:18,2020/11/04 19:37:19,56943407,30
6109,2020/11/04 19:07:58,2020/11/04 19:41:30,56943408,30
6107,2020/11/04 18:56:39,2020/11/04 20:04:17,56943409,45
6108,2020/11/04 18:59:19,2020/11/04 20:15:14,56943410,45
6105,2020/11/04 18:23:42,2020/11/04 20:40:50,56943411,75
6113,2020/11/04 20:59:16,2020/11/04 21:25:40,56943412,15
6115,2020/11/04 21:18:23,2020/11/04 21:40:32,56943413,15
6112,2020/11/04 20:09:40,2020/11/04 21:59:17,56943414,60
6116,2020/11/04 21:36:19,2020/11/04 22:43:17,56943415,45
6111,2020/11/04 20:01:04,2020/11/04 23:08:08,56943416,105
6114,2020/11/04 21:18:00,2020/11/05 06:21:28,56943417,150
6110,2020/11/04 19:39:07,2020/11/05 06:29:27,56943418,150
6120,2020/11/05 09:33:32,2020/11/05 09:59:06,56943419,15
6123,2020/11/05 10:19:15,2020/11/05 11:03:03,56943420,30
6121,2020/11/05 09:42:16,2020/11/05 11:07:08,56943421,45
6122,2020/11/05 10:18:47,2020/11/05 11:08:27,56943422,30
6124,2020/11/05 11:05:20,2020/11/05 11:30:40,56943423,15
6125,2020/11/05 11:25:07,2020/11/05 12:38:31,56943424,45
6128,2020/11/05 12:40:59,2020/11/05 13:21:14,56943425,30
6126,2020/11/05 11:51:06,2020/11/05 13:34:09,56943426,60
6129,2020/11/05 12:52:59,2020/11/05 13:39:32,56943427,30
6132,2020/11/05 13:53:27,2020/11/05 14:22:30,56943428,15
6130,2020/11/05 13:25:44,2020/11/05 14:27:40,56943429,45
6133,2020/11/05 13:59:53,2020/11/05 14:49:31,56943430,30
6134,2020/11/05 14:12:42,2020/11/05 15:11:50,56943431,30
6131,2020/11/05 13:53:07,2020/11/05 15:34:00,56943432,60
6135,2020/11/05 15:17:36,2020/11/05 16:32:54,56943433,45
6118,2020/11/05 08:03:34,2020/11/05 17:37:22,56943434,150
6119,2020/11/05 08:47:25,2020/11/05 17:51:56,56943435,150
6136,2020/11/05 15:29:49,2020/11/05 17:57:20,56943436,75
6141,2020/11/05 18:42:22,2020/11/05 19:16:31,56943437,30
6143,2020/11/05 19:05:10,2020/11/05 19:43:38,56943438,30
6146,2020/11/05 19:23:40,2020/11/05 20:05:33,56943439,30
6117,2020/11/05 07:59:17,2020/11/05 20:13:19,56943440,150
6145,2020/11/05 19:09:20,2020/11/05 20:55:14,56943441,60
6144,2020/11/05 19:07:55,2020/11/05 21:28:47,56943442,75
6147,2020/11/05 19:53:04,2020/11/05 23:04:37,56943443,105
6127,2020/11/05 12:30:10,2020/11/05 23:11:50,56943444,150
6137,2020/11/05 16:29:02,2020/11/05 23:21:18,56943445,150
6149,2020/11/05 22:11:24,2020/11/05 23:33:03,56943446,45
6142,2020/11/05 19:04:33,2020/11/06 01:57:42,56943447,150
6140,2020/11/05 18:22:28,2020/11/06 02:51:59,56943448,150
6148,2020/11/05 20:58:34,2020/11/06 10:02:40,56943449,150
6154,2020/11/06 10:03:49,2020/11/06 11:06:44,56943450,45
6151,2020/11/06 07:44:12,2020/11/06 11:50:13,56943451,135
6153,2020/11/06 08:24:03,2020/11/06 11:59:33,56943452,120
6152,2020/11/06 07:57:01,2020/11/06 12:03:37,56943453,135
6159,2020/11/06 11:22:18,2020/11/06 13:32:54,56943454,75
6160,2020/11/06 11:42:02,2020/11/06 13:39:16,56943455,60
6156,2020/11/06 10:24:34,2020/11/06 13:51:59,56943456,105
6161,2020/11/06 11:51:54,2020/11/06 14:05:05,56943457,75
6162,2020/11/06 13:05:08,2020/11/06 14:52:21,56943458,60
6163,2020/11/06 14:48:20,2020/11/06 15:39:01,56943459,30
6164,2020/11/06 15:04:43,2020/11/06 15:41:39,56943460,30
6165,2020/11/06 15:09:38,2020/11/06 15:52:56,56943461,30
6166,2020/11/06 15:25:14,2020/11/06 16:12:39,56943462,30
6168,2020/11/06 15:59:41,2020/11/06 16:56:25,56943463,30
6155,2020/11/06 10:12:29,2020/11/06 17:24:04,56943464,150
6169,2020/11/06 16:18:06,2020/11/06 17:27:21,56943465,45
6171,2020/11/06 17:30:50,2020/11/06 17:37:17,56943466,15
6170,2020/11/06 17:05:44,2020/11/06 18:08:46,56943467,45
6157,2020/11/06 10:26:08,2020/11/06 18:14:25,56943468,150
6177,2020/11/06 18:55:03,2020/11/06 19:17:32,56943469,15
6172,2020/11/06 17:52:20,2020/11/06 19:30:54,56943470,60
6150,2020/11/06 06:34:01,2020/11/06 19:43:23,56943471,150
6173,2020/11/06 18:28:15,2020/11/06 19:51:34,56943472,45
6182,2020/11/06 19:45:18,2020/11/06 20:23:55,56943473,30
6175,2020/11/06 18:42:08,2020/11/06 20:30:53,56943474,60
6181,2020/11/06 19:41:03,2020/11/06 20:46:22,56943475,45
6180,2020/11/06 19:26:29,2020/11/06 20:47:00,56943476,45
6176,2020/11/06 18:42:37,2020/11/06 20:55:24,56943477,75
6178,2020/11/06 19:02:04,2020/11/06 21:24:22,56943478,75
6174,2020/11/06 18:41:50,2020/11/06 21:37:02,56943479,90
6179,2020/11/06 19:24:26,2020/11/06 21:55:32,56943480,90
6185,2020/11/06 21:28:28,2020/11/06 22:43:44,56943481,45
6184,2020/11/06 21:16:26,2020/11/06 22:50:55,56943482,60
6188,2020/11/06 22:33:47,2020/11/06 22:51:50,56943483,15
6186,2020/11/06 21:39:56,2020/11/07 00:43:27,56943484,135
6167,2020/11/06 15:43:11,2020/11/07 01:05:04,56943485,150
6158,2020/11/06 10:29:43,2020/11/07 03:22:09,56943486,150
6183,2020/11/06 21:06:19,2020/11/07 07:32:59,56943487,150
6187,2020/11/06 22:31:36,2020/11/07 07:47:46,56943488,150
6138,2020/11/05 18:00:55,2020/11/07 09:32:26,56943489,300
6196,2020/11/07 11:04:40,2020/11/07 12:23:27,56943490,90
6191,2020/11/07 08:45:22,2020/11/07 12:25:39,56943491,150
6197,2020/11/07 11:06:46,2020/11/07 12:31:11,56943492,90
6190,2020/11/07 08:20:11,2020/11/07 13:00:14,56943493,150
6200,2020/11/07 12:33:55,2020/11/07 13:28:51,56943494,60
6198,2020/11/07 11:58:36,2020/11/07 14:21:56,56943495,150
6201,2020/11/07 12:48:42,2020/11/07 14:53:33,56943496,150
6203,2020/11/07 13:44:11,2020/11/07 14:56:41,56943497,90
6199,2020/11/07 12:31:21,2020/11/07 15:06:18,56943498,150
6205,2020/11/07 14:29:14,2020/11/07 15:53:34,56943499,90
6193,2020/11/07 10:08:50,2020/11/07 15:59:40,ゼ}o布,150
6208,2020/11/07 15:06:16,2020/11/07 16:43:33,ゼ}o布,120
6209,2020/11/07 15:40:05,2020/11/07 17:10:13,ゼ}o布,90
6210,2020/11/07 15:59:31,2020/11/07 17:21:05,ゼ}o布,90
6194,2020/11/07 10:31:32,2020/11/07 17:40:34,ゼ}o布,150
6211,2020/11/07 16:01:42,2020/11/07 17:58:55,ゼ}o布,120
6214,2020/11/07 17:27:13,2020/11/07 18:06:28,ゼ}o布,60
6207,2020/11/07 15:03:38,2020/11/07 18:19:50,ゼ}o布,150
6218,2020/11/07 18:21:55,2020/11/07 18:26:15,ゼ}o布,30
6195,2020/11/07 10:45:24,2020/11/07 18:43:45,ゼ}o布,150
6212,2020/11/07 16:45:33,2020/11/07 19:14:04,ゼ}o布,150
6204,2020/11/07 14:17:11,2020/11/07 19:21:19,ゼ}o布,150
6202,2020/11/07 12:58:13,2020/11/07 19:28:39,ゼ}o布,150
6216,2020/11/07 18:10:37,2020/11/07 20:03:57,ゼ}o布,120
6223,2020/11/07 19:29:33,2020/11/07 20:08:34,ゼ}o布,60
6219,2020/11/07 18:28:04,2020/11/07 20:38:27,ゼ}o布,150
6217,2020/11/07 18:13:39,2020/11/07 20:53:49,ゼ}o布,150
6220,2020/11/07 18:44:53,2020/11/07 21:10:07,ゼ}o布,150
6213,2020/11/07 17:22:50,2020/11/07 21:22:18,ゼ}o布,150
6206,2020/11/07 14:54:04,2020/11/07 22:23:19,ゼ}o布,150
6224,2020/11/07 20:30:48,2020/11/07 22:38:45,ゼ}o布,150
6222,2020/11/07 19:22:37,2020/11/07 22:51:18,ゼ}o布,150
6225,2020/11/07 20:35:54,2020/11/07 23:13:22,ゼ}o布,150
6227,2020/11/07 21:06:40,2020/11/07 23:53:04,ゼ}o布,150
6229,2020/11/08 00:20:31,2020/11/08 00:34:24,ゼ}o布,30
6189,2020/11/07 03:32:02,2020/11/08 03:47:43,ゼ}o布,180
6192,2020/11/07 08:51:07,2020/11/08 07:04:04,ゼ}o布,150
6235,2020/11/08 10:46:46,2020/11/08 11:11:32,ゼ}o布,30
6232,2020/11/08 09:54:24,2020/11/08 11:44:48,ゼ}o布,120
6228,2020/11/07 23:48:56,2020/11/08 12:06:36,ゼ}o布,150
6238,2020/11/08 11:50:32,2020/11/08 12:15:25,ゼ}o布,30
6231,2020/11/08 08:40:32,2020/11/08 12:20:44,ゼ}o布,150
6236,2020/11/08 11:15:49,2020/11/08 13:25:24,ゼ}o布,150
6240,2020/11/08 12:18:51,2020/11/08 13:26:58,ゼ}o布,90
6242,2020/11/08 12:39:24,2020/11/08 13:58:37,ゼ}o布,90
6226,2020/11/07 20:54:03,2020/11/08 14:12:06,ゼ}o布,150
6246,2020/11/08 14:16:05,2020/11/08 14:17:15,ゼ}o布,30
6243,2020/11/08 13:29:56,2020/11/08 14:23:55,ゼ}o布,60
6221,2020/11/07 19:15:08,2020/11/08 14:32:35,ゼ}o布,150
6234,2020/11/08 10:34:16,2020/11/08 14:36:23,ゼ}o布,150
6241,2020/11/08 12:31:06,2020/11/08 14:46:54,ゼ}o布,150
6247,2020/11/08 14:25:30,2020/11/08 15:08:38,ゼ}o布,60
6244,2020/11/08 13:34:10,2020/11/08 16:35:32,56943500,150
6239,2020/11/08 12:01:25,2020/11/08 17:18:48,56943501,150
6245,2020/11/08 14:00:20,2020/11/08 18:12:19,56943502,150
6230,2020/11/08 01:18:07,2020/11/08 18:26:07,56943503,150
6215,2020/11/07 17:42:59,2020/11/08 18:43:31,56943504,210
6252,2020/11/08 16:06:05,2020/11/08 18:45:54,56943505,150
6255,2020/11/08 18:14:29,2020/11/08 19:20:02,56943506,90
6253,2020/11/08 16:57:10,2020/11/08 19:23:35,56943507,150
6250,2020/11/08 15:43:26,2020/11/08 19:38:21,56943508,150
6254,2020/11/08 17:23:53,2020/11/08 19:42:44,56943509,150
6249,2020/11/08 15:25:45,2020/11/08 20:04:48,56943510,150
6259,2020/11/08 19:24:08,2020/11/08 20:27:35,56943511,90
6257,2020/11/08 18:58:19,2020/11/08 21:02:56,56943512,150
6251,2020/11/08 15:51:07,2020/11/08 21:15:06,56943513,150
6261,2020/11/08 20:32:15,2020/11/08 21:36:34,56943514,90
6260,2020/11/08 19:52:32,2020/11/08 21:37:10,56943515,120
6258,2020/11/08 19:00:37,2020/11/08 21:52:02,56943516,150
6237,2020/11/08 11:17:48,2020/11/08 22:01:35,56943517,150
6256,2020/11/08 18:30:01,2020/11/08 22:19:42,56943518,150
6233,2020/11/08 10:33:57,2020/11/09 07:05:04,56943519,150
6267,2020/11/09 09:26:55,2020/11/09 10:03:33,56943520,30
6268,2020/11/09 10:06:18,2020/11/09 10:25:46,56943521,15
6266,2020/11/09 09:21:22,2020/11/09 10:29:35,56943522,45
6264,2020/11/09 08:45:35,2020/11/09 11:47:35,56943523,105
6248,2020/11/08 14:57:00,2020/11/09 11:54:10,56943524,150
6271,2020/11/09 11:13:15,2020/11/09 11:56:02,56943525,30
6272,2020/11/09 11:24:39,2020/11/09 12:06:28,56943526,30
6279,2020/11/09 13:17:39,2020/11/09 14:05:13,56943527,30
6278,2020/11/09 13:11:54,2020/11/09 14:30:49,56943528,45
6274,2020/11/09 11:44:27,2020/11/09 14:32:24,56943529,90
6263,2020/11/09 03:08:47,2020/11/09 14:38:08,56943530,150
6277,2020/11/09 12:03:12,2020/11/09 14:51:21,56943531,90
6275,2020/11/09 11:50:51,2020/11/09 15:18:31,56943532,105
6273,2020/11/09 11:29:25,2020/11/09 15:19:05,56943533,120
6280,2020/11/09 14:53:28,2020/11/09 15:21:45,56943534,15
6281,2020/11/09 15:05:53,2020/11/09 15:52:25,56943535,30
6283,2020/11/09 15:17:00,2020/11/09 16:12:59,56943536,30
6284,2020/11/09 15:33:46,2020/11/09 16:35:06,56943537,45
6282,2020/11/09 15:12:55,2020/11/09 16:39:47,56943538,45
6265,2020/11/09 08:56:36,2020/11/09 16:59:00,56943539,150
6286,2020/11/09 16:48:23,2020/11/09 17:08:52,56943540,15
6289,2020/11/09 17:50:42,2020/11/09 18:25:39,56943541,30
6285,2020/11/09 16:17:14,2020/11/09 18:38:53,56943542,75
6288,2020/11/09 17:24:53,2020/11/09 18:52:50,56943543,45
6287,2020/11/09 16:54:09,2020/11/09 19:16:52,56943544,75
6293,2020/11/09 19:31:29,2020/11/09 19:53:40,56943545,15
6292,2020/11/09 18:54:27,2020/11/09 20:07:29,56943546,45
6262,2020/11/09 00:17:06,2020/11/09 20:10:45,56943547,150
6294,2020/11/09 19:33:47,2020/11/09 20:11:39,56943548,30
6291,2020/11/09 18:31:59,2020/11/09 20:47:36,56943549,75
6270,2020/11/09 10:43:49,2020/11/09 21:12:27,56943550,150
6300,2020/11/09 20:47:54,2020/11/09 21:19:58,56943551,30
6297,2020/11/09 20:00:42,2020/11/09 21:39:07,56943552,60
6296,2020/11/09 19:57:53,2020/11/09 21:42:01,56943553,60
6269,2020/11/09 10:38:47,2020/11/09 21:59:34,56943554,150
6295,2020/11/09 19:44:42,2020/11/09 22:00:14,56943555,75
6276,2020/11/09 11:51:27,2020/11/09 22:01:51,56943556,150
6299,2020/11/09 20:23:22,2020/11/09 22:29:23,56943557,75
6303,2020/11/09 22:59:42,2020/11/10 00:45:54,56943558,60
6302,2020/11/09 22:43:55,2020/11/10 01:27:41,56943559,90
6298,2020/11/09 20:02:49,2020/11/10 05:02:29,56943560,150
6301,2020/11/09 21:40:54,2020/11/10 10:37:43,56943561,150
6309,2020/11/10 11:08:04,2020/11/10 11:45:07,56943562,30
6310,2020/11/10 11:09:43,2020/11/10 12:01:45,56943563,30
6314,2020/11/10 11:48:23,2020/11/10 12:22:33,56943564,30
6308,2020/11/10 10:51:49,2020/11/10 12:23:14,56943565,60
6315,2020/11/10 12:09:45,2020/11/10 13:07:21,56943566,30
6316,2020/11/10 12:10:11,2020/11/10 13:07:48,56943567,30
6306,2020/11/10 07:59:29,2020/11/10 13:08:56,56943568,150
6318,2020/11/10 12:46:28,2020/11/10 13:35:52,56943569,30
6319,2020/11/10 13:47:38,2020/11/10 14:25:42,56943570,30
6322,2020/11/10 14:38:20,2020/11/10 14:59:08,56943571,15
6313,2020/11/10 11:42:55,2020/11/10 15:04:58,56943572,105
6321,2020/11/10 14:30:13,2020/11/10 15:42:02,56943573,45
6320,2020/11/10 14:19:01,2020/11/10 16:17:11,56943574,60
6324,2020/11/10 15:34:43,2020/11/10 16:24:13,56943575,30
6307,2020/11/10 09:44:28,2020/11/10 16:59:11,56943576,150
6290,2020/11/09 18:15:46,2020/11/10 17:06:24,56943577,150
6317,2020/11/10 12:24:19,2020/11/10 17:13:39,56943578,150
6323,2020/11/10 14:44:07,2020/11/10 18:17:35,56943579,120
6305,2020/11/10 06:29:23,2020/11/10 19:14:43,56943580,150
6325,2020/11/10 17:34:07,2020/11/10 19:42:59,56943581,75
6327,2020/11/10 18:25:50,2020/11/10 19:44:11,56943582,45
6332,2020/11/10 19:30:40,2020/11/10 19:44:57,56943583,15
6329,2020/11/10 18:38:17,2020/11/10 19:49:10,56943584,45
6331,2020/11/10 19:20:24,2020/11/10 19:57:18,56943585,30
6328,2020/11/10 18:37:52,2020/11/10 20:09:55,56943586,60
6330,2020/11/10 19:07:41,2020/11/10 20:36:17,56943587,45
6312,2020/11/10 11:38:53,2020/11/10 22:39:06,56943588,150
6304,2020/11/10 02:37:47,2020/11/10 23:11:35,56943589,150
6334,2020/11/10 21:27:29,2020/11/11 03:10:59,56943590,150
6326,2020/11/10 18:25:37,2020/11/11 06:11:14,56943591,150
6336,2020/11/11 05:32:36,2020/11/11 09:34:21,56943592,135
6340,2020/11/11 10:58:23,2020/11/11 11:10:02,56943593,15
6339,2020/11/11 08:53:37,2020/11/11 11:47:08,56943594,90
6342,2020/11/11 11:10:43,2020/11/11 12:03:50,56943595,30
6343,2020/11/11 11:13:00,2020/11/11 12:41:44,56943596,45
6345,2020/11/11 12:08:21,2020/11/11 12:50:57,56943597,30
6338,2020/11/11 08:28:50,2020/11/11 12:56:37,56943598,135
6344,2020/11/11 11:31:00,2020/11/11 13:23:01,56943599,60
6346,2020/11/11 12:32:10,2020/11/11 13:24:43,56943600,30
6341,2020/11/11 11:01:13,2020/11/11 13:59:52,56943601,90
6348,2020/11/11 13:35:17,2020/11/11 14:08:37,56943602,30
6350,2020/11/11 13:55:53,2020/11/11 14:24:09,56943603,15
6347,2020/11/11 13:33:28,2020/11/11 14:28:09,56943604,30
6351,2020/11/11 14:24:38,2020/11/11 15:26:36,56943605,45
6352,2020/11/11 14:25:32,2020/11/11 15:31:14,56943606,45
6349,2020/11/11 13:38:08,2020/11/11 15:32:00,56943607,60
6353,2020/11/11 14:29:12,2020/11/11 15:38:06,56943608,45
6355,2020/11/11 15:21:48,2020/11/11 15:46:41,56943609,15
6357,2020/11/11 16:21:00,2020/11/11 16:32:57,56943610,15
6354,2020/11/11 15:15:46,2020/11/11 16:35:19,56943611,45
6356,2020/11/11 16:14:19,2020/11/11 16:40:46,56943612,15
6358,2020/11/11 16:24:09,2020/11/11 16:54:48,56943613,15
6337,2020/11/11 08:02:41,2020/11/11 16:59:39,56943614,150
6359,2020/11/11 16:52:02,2020/11/11 19:02:02,56943615,75
6360,2020/11/11 18:17:34,2020/11/11 19:09:46,56943616,30
6333,2020/11/10 21:20:56,2020/11/11 19:17:02,56943617,150
6365,2020/11/11 19:03:38,2020/11/11 19:40:32,56943618,30
6367,2020/11/11 19:10:09,2020/11/11 19:55:44,56943619,30
6366,2020/11/11 19:07:21,2020/11/11 20:19:43,56943620,45
6368,2020/11/11 19:22:09,2020/11/11 20:58:23,56943621,60
6363,2020/11/11 18:52:43,2020/11/11 21:02:54,56943622,75
6364,2020/11/11 19:00:17,2020/11/11 21:08:39,56943623,75
6370,2020/11/11 20:45:29,2020/11/11 21:47:58,56943624,45
6362,2020/11/11 18:26:24,2020/11/11 21:53:41,56943625,105
6361,2020/11/11 18:26:05,2020/11/11 21:54:28,56943626,105
6371,2020/11/11 21:25:07,2020/11/11 22:40:09,56943627,45
6374,2020/11/12 08:34:54,2020/11/12 09:58:40,56943628,45
6378,2020/11/12 09:30:57,2020/11/12 10:47:13,56943629,45
6372,2020/11/12 07:53:07,2020/11/12 10:51:39,56943630,90
6381,2020/11/12 10:31:07,2020/11/12 11:07:50,56943631,30
6382,2020/11/12 11:06:31,2020/11/12 11:36:41,56943632,15
6379,2020/11/12 10:08:06,2020/11/12 12:10:17,56943633,75
6376,2020/11/12 08:59:59,2020/11/12 12:28:32,56943634,105
6383,2020/11/12 12:08:52,2020/11/12 12:41:58,56943635,30
6369,2020/11/11 20:30:58,2020/11/12 12:44:21,56943636,150
6377,2020/11/12 09:17:53,2020/11/12 13:49:56,56943637,150
6385,2020/11/12 13:46:55,2020/11/12 14:20:26,56943638,30
6384,2020/11/12 13:08:02,2020/11/12 14:31:10,56943639,45
6388,2020/11/12 14:26:28,2020/11/12 15:03:33,56943640,30
6387,2020/11/12 14:16:45,2020/11/12 15:17:55,56943641,45
6390,2020/11/12 14:52:23,2020/11/12 15:25:36,56943642,30
6386,2020/11/12 13:53:44,2020/11/12 15:30:31,56943643,60
6389,2020/11/12 14:45:16,2020/11/12 15:37:59,56943644,30
6392,2020/11/12 15:16:39,2020/11/12 15:42:07,56943645,15
6393,2020/11/12 15:34:52,2020/11/12 16:03:43,56943646,15
6391,2020/11/12 15:09:11,2020/11/12 16:35:41,56943647,45
6394,2020/11/12 16:13:46,2020/11/12 16:40:28,56943648,15
6375,2020/11/12 08:53:53,2020/11/12 16:44:57,56943649,150
6398,2020/11/12 16:43:54,2020/11/12 16:50:48,56943650,15
6380,2020/11/12 10:22:58,2020/11/12 17:02:18,56943651,150
6395,2020/11/12 16:25:53,2020/11/12 17:30:03,56943652,45
6396,2020/11/12 16:39:44,2020/11/12 17:34:04,56943653,30
6373,2020/11/12 07:56:03,2020/11/12 17:38:25,56943654,150
6399,2020/11/12 17:08:34,2020/11/12 17:44:28,56943655,30
6397,2020/11/12 16:42:39,2020/11/12 18:03:52,56943656,45
6402,2020/11/12 17:48:00,2020/11/12 18:37:30,56943657,30
6403,2020/11/12 18:04:39,2020/11/12 19:54:11,56943658,60
6405,2020/11/12 18:37:03,2020/11/12 20:02:45,56943659,45
6407,2020/11/12 19:45:44,2020/11/12 20:06:00,56943660,15
6406,2020/11/12 18:38:46,2020/11/12 20:10:47,56943661,60
6400,2020/11/12 17:18:13,2020/11/12 20:15:09,56943662,90
6401,2020/11/12 17:43:19,2020/11/12 20:51:10,56943663,105
6404,2020/11/12 18:11:09,2020/11/12 20:59:00,56943664,90
6411,2020/11/12 20:16:58,2020/11/12 21:00:05,56943665,30
6311,2020/11/10 11:13:40,2020/11/12 21:04:17,56943666,450
6409,2020/11/12 19:57:40,2020/11/12 21:32:36,56943667,60
6410,2020/11/12 20:06:51,2020/11/12 22:14:34,56943668,75
6413,2020/11/12 20:54:46,2020/11/12 22:35:10,56943669,60
6414,2020/11/12 21:28:44,2020/11/12 22:37:52,56943670,45
6412,2020/11/12 20:32:03,2020/11/12 22:55:26,56943671,75
6408,2020/11/12 19:52:29,2020/11/13 06:39:11,56943672,150
6422,2020/11/13 09:04:21,2020/11/13 09:11:51,56943673,15
6423,2020/11/13 09:04:56,2020/11/13 12:47:31,56943674,120
6415,2020/11/13 02:38:31,2020/11/13 14:41:36,56943675,150
6418,2020/11/13 08:38:43,2020/11/13 14:52:17,56943676,150
6416,2020/11/13 06:58:18,2020/11/13 15:21:12,56943677,150
6420,2020/11/13 08:50:34,2020/11/13 15:53:08,56943678,150
6426,2020/11/13 10:11:36,2020/11/13 16:24:11,56943679,150
6429,2020/11/13 15:48:37,2020/11/13 17:08:29,56943680,45
6431,2020/11/13 16:40:05,2020/11/13 17:26:51,56943681,30
6424,2020/11/13 09:06:26,2020/11/13 17:31:18,56943682,150
6421,2020/11/13 08:59:26,2020/11/13 17:34:19,56943683,150
6432,2020/11/13 16:57:59,2020/11/13 17:36:49,56943684,30
6419,2020/11/13 08:48:26,2020/11/13 17:57:48,56943685,150
6417,2020/11/13 08:10:26,2020/11/13 18:09:45,56943686,150
6425,2020/11/13 09:13:10,2020/11/13 18:11:56,56943687,150
6433,2020/11/13 17:14:14,2020/11/13 18:32:18,56943688,45
6438,2020/11/13 18:46:19,2020/11/13 19:32:07,56943689,30
6439,2020/11/13 18:52:27,2020/11/13 19:36:43,56943690,30
6430,2020/11/13 16:07:03,2020/11/13 19:40:21,56943691,120
6436,2020/11/13 18:38:59,2020/11/13 19:58:11,56943692,45
6435,2020/11/13 18:00:52,2020/11/13 20:14:34,56943693,75
6437,2020/11/13 18:39:17,2020/11/13 20:39:21,56943694,60
6443,2020/11/13 19:37:49,2020/11/13 21:07:57,56943695,45
6440,2020/11/13 19:23:00,2020/11/13 21:16:58,56943696,60
6444,2020/11/13 19:41:02,2020/11/13 21:18:24,56943697,60
6441,2020/11/13 19:31:20,2020/11/13 21:22:17,56943698,60
6446,2020/11/13 20:36:11,2020/11/13 22:13:03,56943699,60
6448,2020/11/13 21:59:49,2020/11/13 23:46:08,56943700,60
6442,2020/11/13 19:34:57,2020/11/13 23:58:09,56943701,135
6427,2020/11/13 13:04:10,2020/11/13 23:59:28,56943702,150
6447,2020/11/13 21:29:32,2020/11/14 00:00:03,56943703,75
6434,2020/11/13 17:52:30,2020/11/14 00:01:54,56943704,150
6451,2020/11/13 22:59:38,2020/11/14 00:19:29,56943705,45
6335,2020/11/11 03:08:25,2020/11/14 02:00:56,56943706,450
6445,2020/11/13 19:58:53,2020/11/14 02:32:25,56943707,150
6456,2020/11/14 08:31:24,2020/11/14 08:33:40,56943708,30
6458,2020/11/14 09:15:08,2020/11/14 09:46:43,56943709,60
6459,2020/11/14 09:26:41,2020/11/14 10:37:40,56943710,90
6457,2020/11/14 08:54:51,2020/11/14 11:04:15,56943711,150
6460,2020/11/14 10:46:40,2020/11/14 11:07:26,56943712,30
6450,2020/11/13 22:20:37,2020/11/14 11:22:40,56943713,150
6463,2020/11/14 11:18:57,2020/11/14 11:55:54,56943714,60
6464,2020/11/14 11:30:04,2020/11/14 12:10:29,56943715,60
6449,2020/11/13 22:18:04,2020/11/14 12:54:56,56943716,150
6455,2020/11/14 07:50:56,2020/11/14 13:12:46,56943717,150
6466,2020/11/14 11:38:04,2020/11/14 13:33:50,56943718,120
6470,2020/11/14 13:14:38,2020/11/14 13:58:41,56943719,60
6468,2020/11/14 12:16:06,2020/11/14 14:02:57,56943720,120
6461,2020/11/14 10:59:21,2020/11/14 14:21:03,56943721,150
6452,2020/11/14 02:56:51,2020/11/14 14:31:53,56943722,150
6467,2020/11/14 12:07:03,2020/11/14 14:45:18,56943723,150
6471,2020/11/14 13:37:00,2020/11/14 15:10:20,56943724,120
6472,2020/11/14 14:17:35,2020/11/14 15:13:08,56943725,60
6474,2020/11/14 14:41:13,2020/11/14 15:23:07,56943726,60
6473,2020/11/14 14:25:44,2020/11/14 15:27:38,56943727,90
6465,2020/11/14 11:34:18,2020/11/14 16:51:37,56943728,150
6478,2020/11/14 17:21:32,2020/11/14 17:27:36,56943729,30
6476,2020/11/14 16:33:25,2020/11/14 17:34:03,56943730,60
6454,2020/11/14 06:36:41,2020/11/14 18:32:17,56943731,150
6482,2020/11/14 17:56:55,2020/11/14 18:34:20,56943732,60
6481,2020/11/14 17:56:11,2020/11/14 19:29:40,56943733,120
6480,2020/11/14 17:47:36,2020/11/14 19:38:35,56943734,120
6483,2020/11/14 17:59:51,2020/11/14 19:43:51,56943735,120
6428,2020/11/13 15:43:42,2020/11/14 19:48:49,56943736,300
6462,2020/11/14 11:09:23,2020/11/14 19:56:48,56943737,150
6475,2020/11/14 16:29:16,2020/11/14 20:14:37,56943738,150
6484,2020/11/14 18:33:08,2020/11/14 20:23:19,56943739,120
6485,2020/11/14 18:40:50,2020/11/14 20:34:54,56943740,120
6486,2020/11/14 19:36:23,2020/11/14 21:15:34,56943741,120
6479,2020/11/14 17:44:14,2020/11/14 21:33:19,56943742,150
6489,2020/11/14 20:11:55,2020/11/14 22:28:12,56943743,150
6488,2020/11/14 19:50:16,2020/11/14 22:43:18,56943744,150
6453,2020/11/14 05:36:29,2020/11/14 22:58:03,56943745,150
6469,2020/11/14 12:55:46,2020/11/15 01:35:11,56943746,150
6477,2020/11/14 17:12:10,2020/11/15 03:36:09,56943747,150
6487,2020/11/14 19:39:41,2020/11/15 07:04:03,56943748,150
6490,2020/11/14 20:16:33,2020/11/15 07:23:28,56943749,150
6492,2020/11/14 23:23:29,2020/11/15 07:39:00,ゼ}o布,150
6497,2020/11/15 10:04:00,2020/11/15 10:17:31,ゼ}o布,30
6498,2020/11/15 10:12:33,2020/11/15 11:32:08,56943750,90
6500,2020/11/15 10:54:27,2020/11/15 11:46:33,56943751,60
6501,2020/11/15 11:15:53,2020/11/15 12:35:26,56943752,90
6504,2020/11/15 12:21:14,2020/11/15 13:03:31,56943753,60
6506,2020/11/15 12:26:59,2020/11/15 13:08:29,56943754,60
6503,2020/11/15 11:52:08,2020/11/15 13:27:30,56943755,120
6509,2020/11/15 13:25:16,2020/11/15 13:33:13,56943756,30
6510,2020/11/15 13:30:04,2020/11/15 14:26:45,56943757,60
6505,2020/11/15 12:24:46,2020/11/15 14:50:13,56943758,150
6508,2020/11/15 13:19:21,2020/11/15 15:07:26,56943759,120
6507,2020/11/15 13:16:44,2020/11/15 15:26:29,56943760,150
6511,2020/11/15 13:55:06,2020/11/15 15:52:31,56943761,120
6512,2020/11/15 14:28:22,2020/11/15 16:07:43,56943762,120
6491,2020/11/14 20:38:41,2020/11/15 17:00:13,56943763,150
6496,2020/11/15 09:12:18,2020/11/15 17:28:33,56943764,150
6495,2020/11/15 04:01:15,2020/11/15 17:43:55,56943765,150
6493,2020/11/15 00:17:32,2020/11/15 18:01:42,56943766,150
6514,2020/11/15 17:08:27,2020/11/15 18:30:10,56943767,90
6521,2020/11/15 18:51:26,2020/11/15 18:54:45,56943768,30
6515,2020/11/15 17:17:21,2020/11/15 19:01:26,56943769,120
6519,2020/11/15 18:36:50,2020/11/15 19:09:26,56943770,60
6518,2020/11/15 18:18:41,2020/11/15 19:10:19,56943771,60
6520,2020/11/15 18:43:17,2020/11/15 19:15:20,56943772,60
6524,2020/11/15 19:20:29,2020/11/15 19:40:08,56943773,30
6516,2020/11/15 17:39:31,2020/11/15 19:54:41,56943774,150
6522,2020/11/15 19:13:46,2020/11/15 19:58:08,56943775,60
6517,2020/11/15 17:59:32,2020/11/15 20:06:47,56943776,150
6513,2020/11/15 15:28:29,2020/11/15 20:13:07,56943777,150
6502,2020/11/15 11:23:12,2020/11/15 20:14:01,56943778,150
6525,2020/11/15 20:17:12,2020/11/15 21:45:03,56943779,90
6523,2020/11/15 19:18:21,2020/11/15 21:49:13,56943780,150
6499,2020/11/15 10:51:57,2020/11/16 01:03:57,56943781,150
6526,2020/11/15 21:47:42,2020/11/16 05:13:19,56943782,150
6528,2020/11/15 23:34:40,2020/11/16 06:31:25,56943783,150
6530,2020/11/16 08:20:17,2020/11/16 09:09:01,56943784,30
6532,2020/11/16 10:14:11,2020/11/16 11:15:30,56943785,45
6529,2020/11/16 08:17:25,2020/11/16 11:25:05,56943786,105
6534,2020/11/16 10:59:18,2020/11/16 11:37:21,56943787,30
6535,2020/11/16 11:13:58,2020/11/16 11:38:48,56943788,15
6537,2020/11/16 11:50:39,2020/11/16 12:05:45,56943789,15
6536,2020/11/16 11:17:49,2020/11/16 12:10:15,56943790,30
6527,2020/11/15 21:52:47,2020/11/16 12:36:45,56943791,150
6539,2020/11/16 12:16:41,2020/11/16 12:44:50,56943792,15
6538,2020/11/16 12:14:52,2020/11/16 13:21:53,56943793,45
6543,2020/11/16 13:22:45,2020/11/16 13:50:13,56943794,15
6545,2020/11/16 14:30:02,2020/11/16 14:37:03,56943795,15
6548,2020/11/16 14:56:58,2020/11/16 15:14:18,56943796,15
6546,2020/11/16 14:30:34,2020/11/16 15:39:52,56943797,45
6544,2020/11/16 13:56:51,2020/11/16 15:46:49,56943798,60
6550,2020/11/16 15:24:21,2020/11/16 15:53:04,56943799,15
6549,2020/11/16 15:04:23,2020/11/16 16:04:04,56943800,30
6547,2020/11/16 14:31:48,2020/11/16 16:08:05,56943801,60
6551,2020/11/16 16:15:40,2020/11/16 17:26:49,56943802,45
6553,2020/11/16 17:47:52,2020/11/16 18:45:33,56943803,30
6542,2020/11/16 12:59:59,2020/11/16 19:15:27,56943804,150
6552,2020/11/16 17:10:46,2020/11/16 19:16:38,56943805,75
6554,2020/11/16 18:56:47,2020/11/16 19:45:15,56943806,30
6557,2020/11/16 19:21:03,2020/11/16 20:27:24,56943807,45
6531,2020/11/16 09:00:58,2020/11/16 20:34:48,56943808,150
6555,2020/11/16 19:06:20,2020/11/16 21:49:23,56943809,90
6559,2020/11/16 20:08:13,2020/11/16 21:59:39,56943810,60
6540,2020/11/16 12:53:30,2020/11/16 23:28:36,56943811,150
6558,2020/11/16 19:57:15,2020/11/16 23:32:59,56943812,120
6494,2020/11/15 02:00:38,2020/11/16 23:39:37,56943813,300
6560,2020/11/16 21:45:02,2020/11/16 23:54:12,56943814,75
6541,2020/11/16 12:54:53,2020/11/17 01:32:00,56943815,150
6561,2020/11/16 22:32:25,2020/11/17 07:07:03,56943816,150
6533,2020/11/16 10:25:47,2020/11/17 07:53:58,56943817,150
6556,2020/11/16 19:19:10,2020/11/17 09:22:02,56943818,150
6563,2020/11/17 08:43:50,2020/11/17 09:24:19,56943819,30
6567,2020/11/17 10:43:34,2020/11/17 11:00:40,56943820,15
6565,2020/11/17 10:30:55,2020/11/17 12:06:49,56943821,60
6569,2020/11/17 12:11:50,2020/11/17 12:24:51,56943822,15
6570,2020/11/17 12:17:13,2020/11/17 12:33:55,56943823,15
6572,2020/11/17 12:49:50,2020/11/17 13:22:25,56943824,30
6574,2020/11/17 13:51:04,2020/11/17 14:01:00,56943825,15
6576,2020/11/17 14:08:41,2020/11/17 15:16:20,56943826,45
6577,2020/11/17 14:20:03,2020/11/17 15:26:38,56943827,45
6575,2020/11/17 13:56:17,2020/11/17 15:33:40,56943828,60
6578,2020/11/17 14:57:39,2020/11/17 16:05:48,56943829,45
6580,2020/11/17 15:33:49,2020/11/17 16:09:30,56943830,30
6579,2020/11/17 15:29:40,2020/11/17 16:11:20,56943831,30
6564,2020/11/17 10:29:27,2020/11/17 16:14:15,56943832,150
6571,2020/11/17 12:40:33,2020/11/17 16:18:33,56943833,120
6583,2020/11/17 16:15:33,2020/11/17 16:46:11,56943834,15
6568,2020/11/17 12:01:01,2020/11/17 17:38:50,56943835,150
6584,2020/11/17 17:10:30,2020/11/17 18:42:26,56943836,60
6562,2020/11/17 08:02:04,2020/11/17 19:13:41,56943837,150
6589,2020/11/17 18:48:26,2020/11/17 19:26:32,56943838,30
6586,2020/11/17 18:16:21,2020/11/17 20:01:07,56943839,60
6585,2020/11/17 17:29:56,2020/11/17 20:18:20,56943840,90
6590,2020/11/17 19:12:37,2020/11/17 20:19:11,56943841,45
6593,2020/11/17 19:51:31,2020/11/17 20:44:30,56943842,30
6587,2020/11/17 18:24:36,2020/11/17 21:51:47,56943843,105
6591,2020/11/17 19:34:16,2020/11/17 22:37:39,56943844,105
6573,2020/11/17 13:45:05,2020/11/17 23:41:24,56943845,150
6594,2020/11/17 22:09:31,2020/11/17 23:58:50,56943846,60
6592,2020/11/17 19:39:14,2020/11/18 00:29:32,56943847,150
6582,2020/11/17 16:14:32,2020/11/18 00:37:06,56943848,150
6595,2020/11/17 22:23:12,2020/11/18 02:43:14,56943849,135
6581,2020/11/17 15:59:36,2020/11/18 03:55:37,56943850,150
6566,2020/11/17 10:38:08,2020/11/18 03:56:36,56943851,150
6588,2020/11/17 18:32:37,2020/11/18 06:30:24,56943852,150
6599,2020/11/18 08:47:51,2020/11/18 09:51:12,56943853,45
6604,2020/11/18 10:21:36,2020/11/18 10:30:54,56943854,15
6601,2020/11/18 09:48:45,2020/11/18 10:49:15,56943855,30
6606,2020/11/18 10:35:40,2020/11/18 10:52:29,56943856,15
6600,2020/11/18 09:39:31,2020/11/18 11:07:57,56943857,45
6602,2020/11/18 10:09:06,2020/11/18 11:33:10,56943858,45
6609,2020/11/18 11:15:49,2020/11/18 11:43:14,56943859,15
6608,2020/11/18 11:02:29,2020/11/18 12:09:02,56943860,45
6603,2020/11/18 10:10:15,2020/11/18 12:11:36,56943861,75
6597,2020/11/18 08:42:37,2020/11/18 13:01:43,56943862,135
6612,2020/11/18 12:02:12,2020/11/18 13:07:18,56943863,45
6614,2020/11/18 12:37:25,2020/11/18 13:19:47,56943864,30
6610,2020/11/18 11:29:21,2020/11/18 13:20:37,56943865,60
6607,2020/11/18 10:43:59,2020/11/18 13:21:34,56943866,90
6613,2020/11/18 12:09:37,2020/11/18 13:27:11,56943867,45
6615,2020/11/18 13:00:02,2020/11/18 13:35:36,56943868,30
6616,2020/11/18 13:37:49,2020/11/18 13:54:55,56943869,15
6618,2020/11/18 14:27:25,2020/11/18 14:53:42,56943870,15
6611,2020/11/18 11:58:33,2020/11/18 15:52:42,56943871,120
6620,2020/11/18 15:43:14,2020/11/18 16:33:14,56943872,30
6621,2020/11/18 15:54:14,2020/11/18 16:47:27,56943873,30
6596,2020/11/18 08:40:49,2020/11/18 16:48:18,56943874,150
6623,2020/11/18 16:44:37,2020/11/18 16:55:40,56943875,15
6619,2020/11/18 15:10:41,2020/11/18 17:13:24,56943876,75
6624,2020/11/18 17:26:13,2020/11/18 17:38:37,56943877,15
6605,2020/11/18 10:26:50,2020/11/18 18:32:57,56943878,150
6625,2020/11/18 17:51:44,2020/11/18 18:54:19,56943879,45
6627,2020/11/18 18:41:59,2020/11/18 19:21:42,56943880,30
6628,2020/11/18 18:44:22,2020/11/18 19:29:55,56943881,30
6598,2020/11/18 08:46:47,2020/11/18 19:33:55,56943882,150
6622,2020/11/18 15:57:14,2020/11/18 19:39:56,56943883,120
6626,2020/11/18 18:09:00,2020/11/18 20:10:26,56943884,75
6630,2020/11/18 19:20:23,2020/11/18 20:28:50,56943885,45
6629,2020/11/18 18:47:38,2020/11/18 21:08:17,56943886,75
6617,2020/11/18 13:50:45,2020/11/18 21:10:50,56943887,150
6631,2020/11/18 21:15:33,2020/11/19 05:29:47,56943888,150
6632,2020/11/18 21:17:51,2020/11/19 06:44:21,56943889,150
6637,2020/11/19 09:04:00,2020/11/19 11:01:35,56943890,60
6644,2020/11/19 09:58:11,2020/11/19 11:22:33,56943891,45
6643,2020/11/19 09:48:37,2020/11/19 11:53:37,56943892,75
6646,2020/11/19 11:35:42,2020/11/19 12:03:06,56943893,15
6638,2020/11/19 09:05:27,2020/11/19 12:13:04,56943894,105
6639,2020/11/19 09:36:38,2020/11/19 12:47:35,56943895,105
6648,2020/11/19 13:28:12,2020/11/19 13:43:42,56943896,15
6647,2020/11/19 13:05:23,2020/11/19 13:44:31,56943897,30
6650,2020/11/19 13:36:10,2020/11/19 15:16:12,56943898,60
6649,2020/11/19 13:35:38,2020/11/19 15:21:41,56943899,60
6651,2020/11/19 13:49:47,2020/11/19 15:24:23,56943900,60
6641,2020/11/19 09:40:07,2020/11/19 16:19:18,56943901,150
6654,2020/11/19 15:58:43,2020/11/19 16:39:43,56943902,30
6635,2020/11/19 09:01:44,2020/11/19 16:40:35,56943903,150
6633,2020/11/19 07:48:05,2020/11/19 17:02:48,56943904,150
6653,2020/11/19 15:41:14,2020/11/19 17:07:29,56943905,45
6652,2020/11/19 14:04:30,2020/11/19 17:16:16,56943906,105
6634,2020/11/19 07:59:27,2020/11/19 17:45:00,56943907,150
6640,2020/11/19 09:36:59,2020/11/19 18:03:15,ゼ}o布,150
6645,2020/11/19 11:29:49,2020/11/19 18:03:53,56943908,150
6656,2020/11/19 17:35:44,2020/11/19 18:05:47,56943909,15
6636,2020/11/19 09:03:26,2020/11/19 18:29:11,56943910,150
6657,2020/11/19 17:36:46,2020/11/19 19:10:57,56943911,60
6642,2020/11/19 09:42:12,2020/11/19 19:11:55,56943912,150
6658,2020/11/19 17:51:44,2020/11/19 19:47:31,56943913,60
6660,2020/11/19 18:35:40,2020/11/19 19:51:51,56943914,45
6662,2020/11/19 19:29:06,2020/11/19 20:02:56,56943915,30
6659,2020/11/19 18:04:27,2020/11/19 20:18:36,56943916,75
6665,2020/11/19 20:21:59,2020/11/19 20:49:25,56943917,15
6663,2020/11/19 19:35:53,2020/11/19 20:56:18,56943918,45
6667,2020/11/19 20:31:01,2020/11/19 20:59:59,56943919,15
6661,2020/11/19 18:38:30,2020/11/19 21:24:35,56943920,90
6669,2020/11/19 21:32:33,2020/11/20 01:24:38,56943921,120
6664,2020/11/19 20:10:52,2020/11/20 04:11:37,56943922,150
6668,2020/11/19 21:22:37,2020/11/20 06:53:00,56943923,150
6666,2020/11/19 20:27:37,2020/11/20 06:56:30,56943924,150
6677,2020/11/20 09:45:42,2020/11/20 11:20:13,56943925,60
6678,2020/11/20 10:47:25,2020/11/20 11:37:50,56943926,30
6681,2020/11/20 12:43:57,2020/11/20 13:43:49,56943927,30
6676,2020/11/20 09:32:14,2020/11/20 14:54:50,56943928,150
6683,2020/11/20 13:45:10,2020/11/20 15:09:15,56943929,45
6679,2020/11/20 11:38:53,2020/11/20 15:32:47,56943930,120
6680,2020/11/20 11:53:03,2020/11/20 15:35:34,56943931,120
6672,2020/11/20 08:58:49,2020/11/20 16:03:49,56943932,150
6655,2020/11/19 16:26:33,2020/11/20 16:26:11,56943933,150
6671,2020/11/20 08:44:14,2020/11/20 16:29:38,56943934,150
6670,2020/11/20 07:56:02,2020/11/20 16:52:13,56943935,150
6673,2020/11/20 09:18:19,2020/11/20 17:21:31,56943936,150
6675,2020/11/20 09:28:13,2020/11/20 17:23:20,56943937,150
6684,2020/11/20 16:12:18,2020/11/20 17:28:07,56943938,45
6685,2020/11/20 16:52:33,2020/11/20 17:35:58,56943939,30
6686,2020/11/20 17:14:08,2020/11/20 17:51:48,56943940,30
6689,2020/11/20 18:32:40,2020/11/20 19:22:55,56943941,30
6688,2020/11/20 17:57:29,2020/11/20 19:34:41,56943942,60
6694,2020/11/20 19:32:53,2020/11/20 20:08:16,56943943,30
6690,2020/11/20 18:51:35,2020/11/20 20:13:35,56943944,45
6682,2020/11/20 12:52:50,2020/11/20 20:36:58,56943945,150
6697,2020/11/20 19:58:55,2020/11/20 20:57:59,56943946,30
6698,2020/11/20 20:08:35,2020/11/20 21:18:22,56943947,45
6696,2020/11/20 19:50:05,2020/11/20 21:23:29,56943948,60
6691,2020/11/20 19:05:31,2020/11/20 21:29:42,56943949,75
6692,2020/11/20 19:10:35,2020/11/20 21:32:15,56943950,75
6695,2020/11/20 19:45:42,2020/11/20 21:34:21,56943951,60
6701,2020/11/20 21:16:08,2020/11/20 21:34:59,56943952,15
6699,2020/11/20 20:11:04,2020/11/20 21:49:32,56943953,60
6693,2020/11/20 19:14:12,2020/11/20 22:15:32,56943954,105
6700,2020/11/20 20:24:19,2020/11/20 22:48:46,56943955,75
6704,2020/11/20 22:51:46,2020/11/20 23:55:35,56943956,45
6674,2020/11/20 09:25:31,2020/11/21 01:27:24,56943957,150
6702,2020/11/20 21:26:09,2020/11/21 06:48:46,56943958,150
6705,2020/11/21 09:19:24,2020/11/21 10:49:32,56943959,90
6708,2020/11/21 10:50:07,2020/11/21 11:00:16,56943960,30
6703,2020/11/20 22:51:24,2020/11/21 11:05:24,56943961,150
6707,2020/11/21 10:20:12,2020/11/21 11:48:16,56943962,90
6687,2020/11/20 17:43:23,2020/11/21 12:17:58,56943963,150
6712,2020/11/21 11:23:25,2020/11/21 12:38:12,56943964,90
6711,2020/11/21 11:17:06,2020/11/21 12:59:11,56943965,120
6717,2020/11/21 12:48:55,2020/11/21 13:24:53,56943966,60
6718,2020/11/21 12:52:05,2020/11/21 13:46:43,56943967,60
6713,2020/11/21 11:27:33,2020/11/21 13:53:00,56943968,150
6709,2020/11/21 11:14:34,2020/11/21 13:53:55,56943969,150
6722,2020/11/21 13:35:29,2020/11/21 14:24:52,56943970,60
6720,2020/11/21 13:05:18,2020/11/21 16:01:53,56943971,150
6723,2020/11/21 13:49:55,2020/11/21 16:36:25,56943972,150
6714,2020/11/21 11:53:15,2020/11/21 16:51:56,56943973,150
6719,2020/11/21 13:01:58,2020/11/21 17:19:41,56943974,150
6725,2020/11/21 15:34:50,2020/11/21 17:32:10,56943975,120
6728,2020/11/21 17:03:14,2020/11/21 17:33:33,56943976,30
6726,2020/11/21 16:08:51,2020/11/21 17:39:59,56943977,120
6716,2020/11/21 12:45:34,2020/11/21 17:45:33,56943978,150
6729,2020/11/21 17:49:18,2020/11/21 18:29:09,56943979,60
6732,2020/11/21 17:55:12,2020/11/21 18:29:43,56943980,60
6730,2020/11/21 17:50:21,2020/11/21 18:32:36,56943981,60
6706,2020/11/21 09:32:48,2020/11/21 18:47:19,56943982,150
6721,2020/11/21 13:19:52,2020/11/21 19:15:25,56943983,150
6727,2020/11/21 16:38:27,2020/11/21 19:16:12,56943984,150
6734,2020/11/21 17:59:37,2020/11/21 19:32:00,56943985,120
6710,2020/11/21 11:15:33,2020/11/21 19:36:23,56943986,150
6733,2020/11/21 17:57:14,2020/11/21 20:01:46,56943987,150
6739,2020/11/21 19:18:24,2020/11/21 20:02:53,56943988,60
6731,2020/11/21 17:51:26,2020/11/21 20:03:28,56943989,150
6736,2020/11/21 18:33:05,2020/11/21 20:22:40,56943990,120
6744,2020/11/21 20:15:25,2020/11/21 20:26:47,56943991,30
6737,2020/11/21 18:37:01,2020/11/21 21:08:04,56943992,150
6743,2020/11/21 20:12:24,2020/11/21 21:33:50,56943993,90
6738,2020/11/21 18:49:35,2020/11/21 21:45:14,56943994,150
6741,2020/11/21 20:01:56,2020/11/21 22:00:08,56943995,120
6742,2020/11/21 20:03:01,2020/11/21 22:00:47,56943996,120
6740,2020/11/21 19:20:56,2020/11/21 22:03:42,56943997,150
6724,2020/11/21 14:28:45,2020/11/21 22:38:13,56943998,150
6747,2020/11/21 21:48:26,2020/11/21 23:25:05,56943999,120
6746,2020/11/21 21:17:56,2020/11/21 23:47:32,ゼ}o布,150
6749,2020/11/21 22:50:48,2020/11/21 23:56:17,ゼ}o布,90
6748,2020/11/21 22:50:30,2020/11/22 01:12:01,ゼ}o布,150
6755,2020/11/22 09:14:04,2020/11/22 10:35:07,ゼ}o布,90
6750,2020/11/22 00:03:10,2020/11/22 11:35:48,ゼ}o布,150
6754,2020/11/22 07:59:38,2020/11/22 11:42:37,ゼ}o布,150
6757,2020/11/22 11:27:15,2020/11/22 11:48:07,ゼ}o布,30
6758,2020/11/22 11:49:49,2020/11/22 12:20:00,ゼ}o布,30
6745,2020/11/21 21:04:51,2020/11/22 12:36:12,ゼ}o布,150
6759,2020/11/22 12:11:09,2020/11/22 13:34:07,ゼ}o布,90
6762,2020/11/22 12:36:14,2020/11/22 14:31:21,ゼ}o布,120
6764,2020/11/22 12:40:12,2020/11/22 14:39:56,ゼ}o布,120
6760,2020/11/22 12:20:28,2020/11/22 14:46:32,ゼ}o布,150
6763,2020/11/22 12:39:50,2020/11/22 14:49:00,ゼ}o布,150
6761,2020/11/22 12:20:53,2020/11/22 14:53:00,ゼ}o布,150
6766,2020/11/22 14:49:24,2020/11/22 16:19:44,ゼ}o布,90
6769,2020/11/22 15:22:06,2020/11/22 16:20:22,ゼ}o布,60
6770,2020/11/22 15:28:55,2020/11/22 16:38:53,ゼ}o布,90
6767,2020/11/22 14:54:47,2020/11/22 17:11:50,ゼ}o布,150
6773,2020/11/22 17:04:03,2020/11/22 17:23:42,ゼ}o布,30
6753,2020/11/22 07:42:51,2020/11/22 17:40:28,ゼ}o布,150
6775,2020/11/22 17:27:10,2020/11/22 18:05:21,ゼ}o布,60
6772,2020/11/22 16:47:22,2020/11/22 18:18:56,ゼ}o布,120
6774,2020/11/22 17:21:33,2020/11/22 18:44:00,ゼ}o布,90
6756,2020/11/22 09:54:32,2020/11/22 19:17:39,ゼ}o布,150
6777,2020/11/22 18:15:11,2020/11/22 20:38:11,ゼ}o布,150
6776,2020/11/22 17:41:26,2020/11/22 20:40:49,ゼ}o布,150
6779,2020/11/22 18:45:51,2020/11/22 21:04:32,ゼ}o布,150
6778,2020/11/22 18:25:52,2020/11/22 21:25:37,ゼ}o布,150
6781,2020/11/22 20:43:37,2020/11/22 21:32:41,ゼ}o布,60
6715,2020/11/21 12:41:30,2020/11/22 22:16:30,ゼ}o布,300
6765,2020/11/22 14:18:53,2020/11/23 00:01:09,ゼ}o布,150
6735,2020/11/21 18:31:26,2020/11/23 06:46:45,ゼ}o布,300
6780,2020/11/22 19:47:06,2020/11/23 06:53:56,ゼ}o布,150
6752,2020/11/22 01:01:12,2020/11/23 07:43:26,ゼ}o布,300
6771,2020/11/22 16:25:33,2020/11/23 07:47:14,ゼ}o布,150
6783,2020/11/22 23:28:59,2020/11/23 07:53:25,ゼ}o布,150
6789,2020/11/23 09:29:31,2020/11/23 10:18:14,ゼ}o布,30
6768,2020/11/22 15:13:11,2020/11/23 10:51:26,ゼ}o布,150
6784,2020/11/23 06:47:45,2020/11/23 11:17:51,ゼ}o布,135
6791,2020/11/23 11:00:43,2020/11/23 11:47:20,56944000,30
6782,2020/11/22 20:48:59,2020/11/23 12:32:41,56944001,150
6796,2020/11/23 12:11:36,2020/11/23 13:07:47,56944002,30
6792,2020/11/23 11:33:16,2020/11/23 14:00:26,56944003,75
6790,2020/11/23 09:53:52,2020/11/23 15:06:24,56944004,150
6800,2020/11/23 15:27:43,2020/11/23 15:46:55,56944005,15
6801,2020/11/23 15:51:59,2020/11/23 16:13:01,56944006,15
6794,2020/11/23 11:46:56,2020/11/23 16:25:56,56944007,150
6799,2020/11/23 14:10:55,2020/11/23 16:40:56,56944008,75
6788,2020/11/23 08:22:23,2020/11/23 16:46:50,56944009,150
6802,2020/11/23 16:31:36,2020/11/23 16:58:03,56944010,15
6786,2020/11/23 07:44:57,2020/11/23 16:59:39,56944011,150
6804,2020/11/23 17:17:22,2020/11/23 17:55:00,56944012,30
6751,2020/11/22 00:35:24,2020/11/23 18:10:46,56944013,300
6805,2020/11/23 17:34:07,2020/11/23 18:15:12,56944014,30
6795,2020/11/23 11:49:07,2020/11/23 19:01:22,56944015,150
6785,2020/11/23 07:03:03,2020/11/23 19:20:14,56944016,150
6808,2020/11/23 19:35:26,2020/11/23 20:20:55,56944017,30
6803,2020/11/23 17:07:42,2020/11/23 20:23:58,56944018,105
6810,2020/11/23 21:03:35,2020/11/23 21:18:41,56944019,15
6811,2020/11/23 21:13:04,2020/11/23 22:03:40,56944020,30
6793,2020/11/23 11:38:49,2020/11/23 23:35:01,56944021,150
6798,2020/11/23 13:57:43,2020/11/24 00:52:51,56944022,150
6807,2020/11/23 18:38:46,2020/11/24 01:59:59,56944023,150
6797,2020/11/23 13:50:43,2020/11/24 06:11:47,56944024,150
6809,2020/11/23 20:11:00,2020/11/24 06:49:58,56944025,150
6806,2020/11/23 18:06:15,2020/11/24 07:08:39,56944026,150
6813,2020/11/24 06:47:52,2020/11/24 08:07:44,56944027,45
6821,2020/11/24 10:20:25,2020/11/24 10:43:01,56944028,15
6819,2020/11/24 10:14:00,2020/11/24 10:46:55,56944029,30
6822,2020/11/24 10:21:30,2020/11/24 11:07:15,56944030,30
6817,2020/11/24 09:24:54,2020/11/24 11:50:37,56944031,75
6818,2020/11/24 09:42:15,2020/11/24 11:56:17,56944032,75
6823,2020/11/24 11:31:45,2020/11/24 12:09:37,56944033,30
6823,2020/11/24 12:09:37,2020/11/24 12:47:07,56944034,30
6816,2020/11/24 09:02:52,2020/11/24 12:55:54,56944035,120
6826,2020/11/24 12:24:27,2020/11/24 13:07:13,56944036,30
6827,2020/11/24 12:35:43,2020/11/24 13:08:53,56944037,30
6828,2020/11/24 12:58:51,2020/11/24 13:30:30,56944038,30
6812,2020/11/24 00:29:20,2020/11/24 13:47:38,56944039,150
6825,2020/11/24 12:06:45,2020/11/24 13:55:25,56944040,60
6832,2020/11/24 13:41:34,2020/11/24 14:11:25,56944041,15
6829,2020/11/24 13:11:20,2020/11/24 14:13:49,56944042,45
6833,2020/11/24 14:05:41,2020/11/24 14:33:18,56944043,15
6836,2020/11/24 14:18:09,2020/11/24 14:37:03,56944044,15
6834,2020/11/24 14:14:19,2020/11/24 14:50:48,56944045,30
6831,2020/11/24 13:31:01,2020/11/24 14:53:26,56944046,45
6838,2020/11/24 15:04:18,2020/11/24 15:16:02,56944047,15
6824,2020/11/24 12:04:40,2020/11/24 15:20:42,56944048,105
6840,2020/11/24 15:56:07,2020/11/24 16:07:43,56944049,15
6839,2020/11/24 15:46:19,2020/11/24 16:22:22,56944050,30
6841,2020/11/24 16:14:23,2020/11/24 16:31:59,56944051,15
6815,2020/11/24 08:28:13,2020/11/24 16:39:11,56944052,150
6843,2020/11/24 16:27:54,2020/11/24 16:51:59,56944053,15
6842,2020/11/24 16:26:55,2020/11/24 18:05:13,56944054,60
6845,2020/11/24 18:32:44,2020/11/24 18:57:09,56944055,15
6837,2020/11/24 14:25:56,2020/11/24 19:29:23,ゼ}o布,150
6820,2020/11/24 10:18:00,2020/11/24 19:31:19,56944056,150
6814,2020/11/24 07:55:58,2020/11/24 20:10:17,56944057,150
6847,2020/11/24 19:14:50,2020/11/24 20:31:17,56944058,45
6848,2020/11/24 19:16:57,2020/11/24 20:38:23,56944059,45
6844,2020/11/24 16:45:55,2020/11/24 20:41:16,56944060,120
6850,2020/11/24 20:22:58,2020/11/24 20:59:09,56944061,30
6835,2020/11/24 14:16:38,2020/11/24 21:01:52,56944062,150
6851,2020/11/24 20:41:58,2020/11/24 21:13:14,56944063,30
6849,2020/11/24 19:47:45,2020/11/24 21:19:03,56944064,60
6846,2020/11/24 19:05:06,2020/11/24 23:59:27,56944065,150
6852,2020/11/25 05:01:58,2020/11/25 08:11:36,56944066,105
6862,2020/11/25 10:47:16,2020/11/25 10:49:19,56944067,15
6859,2020/11/25 09:35:43,2020/11/25 11:56:28,56944068,75
6858,2020/11/25 09:05:39,2020/11/25 12:14:37,56944069,105
6856,2020/11/25 09:02:58,2020/11/25 12:15:32,56944070,105
6861,2020/11/25 10:28:56,2020/11/25 12:21:11,56944071,60
6854,2020/11/25 08:16:22,2020/11/25 12:33:09,56944072,135
6864,2020/11/25 12:03:21,2020/11/25 13:22:53,56944073,45
6855,2020/11/25 08:21:33,2020/11/25 14:33:24,56944074,150
6866,2020/11/25 14:16:57,2020/11/25 14:55:25,56944075,30
6867,2020/11/25 14:21:57,2020/11/25 15:00:23,56944076,30
6860,2020/11/25 10:28:16,2020/11/25 15:04:53,56944077,150
6869,2020/11/25 15:00:27,2020/11/25 15:33:21,56944078,30
6863,2020/11/25 10:50:15,2020/11/25 15:50:52,56944079,150
6870,2020/11/25 15:10:13,2020/11/25 16:04:27,56944080,30
6830,2020/11/24 13:26:32,2020/11/25 16:16:57,56944081,240
6875,2020/11/25 16:40:51,2020/11/25 16:50:17,56944082,15
6873,2020/11/25 15:59:22,2020/11/25 16:59:02,56944083,30
6872,2020/11/25 15:53:41,2020/11/25 17:12:20,56944084,45
6874,2020/11/25 16:23:02,2020/11/25 17:23:31,56944085,30
6857,2020/11/25 09:04:44,2020/11/25 17:25:35,56944086,150
6853,2020/11/25 07:33:27,2020/11/25 18:02:14,56944087,150
6871,2020/11/25 15:24:36,2020/11/25 18:31:24,56944088,105
6878,2020/11/25 18:41:04,2020/11/25 19:00:27,56944089,15
6877,2020/11/25 18:12:15,2020/11/25 19:06:06,56944090,30
6865,2020/11/25 13:16:48,2020/11/25 19:16:45,56944091,150
6876,2020/11/25 17:29:28,2020/11/25 19:18:46,56944092,60
6883,2020/11/25 19:17:59,2020/11/25 19:42:09,56944093,15
6884,2020/11/25 19:24:28,2020/11/25 19:53:54,56944094,15
6882,2020/11/25 19:11:34,2020/11/25 20:07:23,56944095,30
6885,2020/11/25 19:25:57,2020/11/25 20:08:48,56944096,30
6879,2020/11/25 18:54:58,2020/11/25 20:21:08,56944097,45
6881,2020/11/25 19:09:46,2020/11/25 20:23:41,56944098,45
6888,2020/11/25 19:38:07,2020/11/25 20:25:59,56944099,30
6880,2020/11/25 19:01:13,2020/11/25 21:12:03,56944100,75
6891,2020/11/25 20:53:47,2020/11/25 21:18:54,56944101,15
6889,2020/11/25 20:23:17,2020/11/25 21:39:03,56944102,45
6887,2020/11/25 19:31:39,2020/11/25 21:39:54,56944103,75
6886,2020/11/25 19:27:35,2020/11/25 21:53:32,56944104,75
6868,2020/11/25 14:26:18,2020/11/25 21:55:28,56944105,150
6890,2020/11/25 20:28:22,2020/11/26 02:53:15,56944106,150
6787,2020/11/23 08:10:26,2020/11/26 09:29:59,56944107,495
6899,2020/11/26 09:08:29,2020/11/26 10:04:02,56944108,30
6900,2020/11/26 09:51:00,2020/11/26 10:22:43,56944109,30
6896,2020/11/26 07:55:14,2020/11/26 11:40:05,56944110,120
6901,2020/11/26 10:25:04,2020/11/26 12:53:32,56944111,75
6904,2020/11/26 12:14:35,2020/11/26 13:02:23,56944112,30
6894,2020/11/26 07:30:47,2020/11/26 13:43:24,56944113,150
6897,2020/11/26 07:57:23,2020/11/26 13:44:35,56944114,150
6903,2020/11/26 11:41:42,2020/11/26 13:49:38,56944115,75
6905,2020/11/26 13:20:40,2020/11/26 13:54:10,56944116,30
6893,2020/11/26 06:30:06,2020/11/26 14:23:44,56944117,150
6909,2020/11/26 14:15:04,2020/11/26 14:50:06,56944118,30
6908,2020/11/26 14:11:27,2020/11/26 14:53:54,56944119,30
6907,2020/11/26 14:06:26,2020/11/26 15:40:41,56944120,60
6910,2020/11/26 14:25:57,2020/11/26 15:45:07,56944121,45
6912,2020/11/26 15:13:38,2020/11/26 15:53:10,56944122,30
6898,2020/11/26 09:07:25,2020/11/26 16:20:41,56944123,150
6913,2020/11/26 16:13:57,2020/11/26 16:33:35,56944124,15
6911,2020/11/26 15:06:55,2020/11/26 16:34:28,56944125,45
6914,2020/11/26 16:21:23,2020/11/26 16:47:34,56944126,15
6916,2020/11/26 16:30:05,2020/11/26 16:48:50,56944127,15
6902,2020/11/26 10:57:39,2020/11/26 17:04:55,56944128,150
6917,2020/11/26 16:32:42,2020/11/26 17:31:56,56944129,30
6895,2020/11/26 07:45:22,2020/11/26 17:32:37,56944130,150
6915,2020/11/26 16:29:16,2020/11/26 18:07:45,56944131,60
6918,2020/11/26 17:58:59,2020/11/26 18:54:54,56944132,30
6923,2020/11/26 19:09:27,2020/11/26 19:21:03,56944133,15
6924,2020/11/26 19:09:59,2020/11/26 19:55:07,56944134,30
6927,2020/11/26 19:34:25,2020/11/26 20:36:30,56944135,45
6920,2020/11/26 18:52:27,2020/11/26 20:38:48,56944136,60
6925,2020/11/26 19:27:41,2020/11/26 20:45:39,56944137,45
6926,2020/11/26 19:32:47,2020/11/26 20:57:58,56944138,45
6922,2020/11/26 19:05:36,2020/11/26 21:17:38,56944139,75
6921,2020/11/26 19:05:21,2020/11/26 21:19:21,56944140,75
6928,2020/11/26 19:45:28,2020/11/26 21:22:13,56944141,60
6930,2020/11/26 21:05:51,2020/11/26 21:48:05,56944142,30
6929,2020/11/26 20:18:33,2020/11/26 22:31:29,56944143,75
6919,2020/11/26 18:23:33,2020/11/26 23:29:40,56944144,150
6931,2020/11/26 23:47:01,2020/11/27 03:46:26,56944145,120
6932,2020/11/27 07:26:12,2020/11/27 08:16:24,56944146,30
6892,2020/11/25 22:11:28,2020/11/27 09:52:20,56944147,300
6936,2020/11/27 09:57:59,2020/11/27 10:39:00,56944148,30
6935,2020/11/27 09:51:05,2020/11/27 10:59:42,56944149,45
6937,2020/11/27 10:02:41,2020/11/27 12:15:35,56944150,75
6941,2020/11/27 12:17:16,2020/11/27 12:58:13,56944151,30
6942,2020/11/27 12:30:35,2020/11/27 13:05:36,56944152,30
6940,2020/11/27 11:16:35,2020/11/27 13:14:26,56944153,60
6944,2020/11/27 12:32:34,2020/11/27 13:16:11,56944154,30
6939,2020/11/27 11:08:49,2020/11/27 13:33:50,56944155,75
6945,2020/11/27 12:34:47,2020/11/27 14:02:55,56944156,45
6943,2020/11/27 12:32:10,2020/11/27 14:09:31,56944157,60
6946,2020/11/27 14:09:59,2020/11/27 14:49:41,56944158,30
6933,2020/11/27 08:53:17,2020/11/27 15:21:54,56944159,150
6947,2020/11/27 14:30:31,2020/11/27 15:29:03,56944160,30
6948,2020/11/27 14:58:48,2020/11/27 16:03:15,56944161,45
6949,2020/11/27 15:09:06,2020/11/27 16:53:33,56944162,60
6952,2020/11/27 16:04:07,2020/11/27 16:54:14,56944163,30
6950,2020/11/27 15:15:35,2020/11/27 17:41:55,56944164,75
6934,2020/11/27 09:22:44,2020/11/27 18:03:59,56944165,150
6938,2020/11/27 10:18:15,2020/11/27 18:24:40,56944166,150
6953,2020/11/27 16:38:54,2020/11/27 18:50:42,56944167,75
6951,2020/11/27 15:43:33,2020/11/27 18:51:18,56944168,105
6962,2020/11/27 19:08:38,2020/11/27 19:15:32,56944169,15
6961,2020/11/27 19:07:55,2020/11/27 20:00:02,56944170,30
6966,2020/11/27 20:08:38,2020/11/27 20:20:23,56944171,15
6957,2020/11/27 18:47:17,2020/11/27 21:08:15,56944172,75
6956,2020/11/27 18:39:02,2020/11/27 21:19:15,56944173,90
6963,2020/11/27 19:22:03,2020/11/27 21:20:01,56944174,60
6955,2020/11/27 18:29:41,2020/11/27 21:38:25,56944175,105
6964,2020/11/27 19:23:02,2020/11/27 21:39:44,56944176,75
6958,2020/11/27 19:00:07,2020/11/27 21:40:40,56944177,90
6959,2020/11/27 19:02:23,2020/11/27 21:49:43,56944178,90
6960,2020/11/27 19:07:27,2020/11/27 21:50:22,56944179,90
6967,2020/11/27 20:23:01,2020/11/27 22:02:50,56944180,60
6954,2020/11/27 17:11:18,2020/11/28 09:32:15,56944181,150
6971,2020/11/28 09:52:52,2020/11/28 10:08:10,56944182,30
6970,2020/11/28 09:32:10,2020/11/28 10:14:31,56944183,60
6969,2020/11/28 09:10:41,2020/11/28 10:49:42,56944184,120
6972,2020/11/28 10:02:12,2020/11/28 10:53:17,56944185,60
6974,2020/11/28 10:35:35,2020/11/28 11:09:59,56944186,60
6975,2020/11/28 10:48:22,2020/11/28 11:49:09,56944187,60
6906,2020/11/26 13:34:55,2020/11/28 12:01:17,56944188,300
6982,2020/11/28 11:55:29,2020/11/28 12:35:08,56944189,60
6977,2020/11/28 11:22:56,2020/11/28 12:37:02,56944190,90
6973,2020/11/28 10:33:37,2020/11/28 13:02:42,56944191,150
6980,2020/11/28 11:53:31,2020/11/28 13:06:03,56944192,90
6976,2020/11/28 11:15:30,2020/11/28 13:09:21,56944193,120
6978,2020/11/28 11:34:45,2020/11/28 13:37:07,56944194,150
6979,2020/11/28 11:45:45,2020/11/28 13:56:05,56944195,150
6981,2020/11/28 11:55:05,2020/11/28 14:11:12,56944196,150
6984,2020/11/28 12:35:14,2020/11/28 14:29:33,56944197,120
6985,2020/11/28 12:42:11,2020/11/28 14:50:36,56944198,150
6983,2020/11/28 12:16:28,2020/11/28 14:53:09,56944199,150
6989,2020/11/28 13:41:31,2020/11/28 14:54:06,56944200,90
6990,2020/11/28 13:45:16,2020/11/28 14:57:04,56944201,90
6986,2020/11/28 12:46:20,2020/11/28 15:01:47,56944202,150
6987,2020/11/28 13:05:50,2020/11/28 15:06:39,56944203,120
6988,2020/11/28 13:12:15,2020/11/28 15:09:24,56944204,120
6995,2020/11/28 15:14:05,2020/11/28 16:51:35,56944205,120
6991,2020/11/28 13:57:06,2020/11/28 16:52:52,56944206,150
6997,2020/11/28 16:00:42,2020/11/28 16:55:26,56944207,60
6998,2020/11/28 16:03:19,2020/11/28 17:13:19,56944208,90
6996,2020/11/28 15:25:47,2020/11/28 17:23:21,56944209,120
6968,2020/11/28 07:45:14,2020/11/28 17:29:38,56944210,150
7002,2020/11/28 17:10:03,2020/11/28 18:02:09,56944211,60
7000,2020/11/28 17:00:57,2020/11/28 18:13:12,56944212,90
7003,2020/11/28 17:15:15,2020/11/28 18:36:25,56944213,90
7001,2020/11/28 17:09:12,2020/11/28 18:45:54,56944214,120
6994,2020/11/28 15:13:42,2020/11/28 18:52:07,56944215,150
6999,2020/11/28 16:58:17,2020/11/28 19:28:44,56944216,150
7005,2020/11/28 17:42:58,2020/11/28 19:31:11,56944217,120
7004,2020/11/28 17:38:25,2020/11/28 19:42:57,56944218,150
7008,2020/11/28 18:38:02,2020/11/28 20:01:54,56944219,90
7006,2020/11/28 17:51:56,2020/11/28 20:08:31,56944220,150
7014,2020/11/28 20:06:04,2020/11/28 20:09:31,56944221,30
7009,2020/11/28 18:47:35,2020/11/28 20:29:15,56944222,120
7007,2020/11/28 18:21:03,2020/11/28 20:43:22,56944223,150
7015,2020/11/28 20:19:03,2020/11/28 20:55:30,56944224,60
7013,2020/11/28 19:38:58,2020/11/28 21:23:33,56944225,120
7011,2020/11/28 18:55:24,2020/11/28 21:29:18,56944226,150
7010,2020/11/28 18:48:19,2020/11/28 21:33:05,56944227,150
7016,2020/11/28 20:24:17,2020/11/28 21:57:47,56944228,120
7018,2020/11/28 22:05:44,2020/11/28 22:14:11,56944229,30
7021,2020/11/28 22:54:58,2020/11/28 23:01:16,56944230,30
6992,2020/11/28 14:19:47,2020/11/28 23:28:00,56944231,150
6993,2020/11/28 14:32:23,2020/11/28 23:37:57,56944232,150
7012,2020/11/28 19:38:09,2020/11/28 23:56:34,56944233,150
7020,2020/11/28 22:54:31,2020/11/29 01:40:29,56944234,150
7019,2020/11/28 22:53:37,2020/11/29 01:41:15,56944235,150
7023,2020/11/29 00:04:47,2020/11/29 07:04:15,56944236,150
7026,2020/11/29 08:35:54,2020/11/29 09:03:01,56944237,30
7033,2020/11/29 11:08:50,2020/11/29 12:21:25,56944238,90
7032,2020/11/29 11:08:34,2020/11/29 12:22:43,56944239,90
7028,2020/11/29 09:47:51,2020/11/29 12:31:54,56944240,150
6965,2020/11/27 19:35:25,2020/11/29 13:38:09,56944241,300
7024,2020/11/29 01:02:17,2020/11/29 13:43:15,56944242,150
7035,2020/11/29 12:36:37,2020/11/29 13:47:15,56944243,90
7034,2020/11/29 12:25:03,2020/11/29 13:54:19,56944244,90
7030,2020/11/29 10:29:31,2020/11/29 15:42:51,56944245,150
7039,2020/11/29 14:10:22,2020/11/29 16:00:53,56944246,120
7040,2020/11/29 15:06:39,2020/11/29 16:27:50,56944247,90
7041,2020/11/29 15:53:05,2020/11/29 17:30:43,56944248,120
7025,2020/11/29 07:48:48,2020/11/29 17:41:15,56944249,150
7029,2020/11/29 10:00:17,2020/11/29 17:43:07,ゼ}o布,150
7031,2020/11/29 10:57:48,2020/11/29 17:55:41,ゼ}o布,150
7045,2020/11/29 17:42:45,2020/11/29 19:20:59,ゼ}o布,120
7042,2020/11/29 16:51:00,2020/11/29 19:27:19,ゼ}o布,150
7044,2020/11/29 17:33:04,2020/11/29 19:40:49,ゼ}o布,150
7043,2020/11/29 17:28:57,2020/11/29 19:41:45,ゼ}o布,150
7046,2020/11/29 18:06:08,2020/11/29 19:52:12,ゼ}o布,120
7022,2020/11/29 00:02:38,2020/11/29 19:58:46,ゼ}o布,150
7037,2020/11/29 13:40:49,2020/11/29 20:05:37,ゼ}o布,150
7048,2020/11/29 19:49:21,2020/11/29 20:56:23,ゼ}o布,90
7017,2020/11/28 20:48:54,2020/11/29 21:02:44,ゼ}o布,180
7047,2020/11/29 18:46:09,2020/11/29 21:26:33,ゼ}o布,150
7051,2020/11/29 20:30:52,2020/11/29 22:20:44,ゼ}o布,120
7038,2020/11/29 13:50:54,2020/11/29 22:38:34,ゼ}o布,150
7027,2020/11/29 09:31:20,2020/11/29 22:45:17,ゼ}o布,150
7055,2020/11/30 08:02:05,2020/11/30 09:19:21,ゼ}o布,45
7056,2020/11/30 09:17:36,2020/11/30 09:48:00,ゼ}o布,15
7050,2020/11/29 20:19:05,2020/11/30 11:22:45,56944250,150
7058,2020/11/30 11:09:19,2020/11/30 11:35:04,56944251,15
7060,2020/11/30 11:29:44,2020/11/30 12:31:58,56944252,45
7059,2020/11/30 11:29:10,2020/11/30 12:32:29,56944253,45
7062,2020/11/30 12:08:51,2020/11/30 12:41:56,56944254,30
7061,2020/11/30 12:03:07,2020/11/30 12:51:48,56944255,30
7052,2020/11/29 21:49:52,2020/11/30 12:58:01,56944256,150
7036,2020/11/29 12:43:02,2020/11/30 13:11:50,56944257,165
7063,2020/11/30 13:57:35,2020/11/30 14:27:53,56944258,15
7064,2020/11/30 14:10:16,2020/11/30 14:42:38,56944259,30
7065,2020/11/30 14:13:42,2020/11/30 15:04:23,56944260,30
7053,2020/11/30 01:17:49,2020/11/30 15:38:13,56944261,150
7067,2020/11/30 15:01:25,2020/11/30 15:48:52,56944262,30
7057,2020/11/30 09:18:16,2020/11/30 15:55:02,56944263,150
7066,2020/11/30 14:31:16,2020/11/30 16:08:22,56944264,60
7070,2020/11/30 15:57:38,2020/11/30 16:18:42,56944265,15
7071,2020/11/30 16:08:13,2020/11/30 16:25:36,56944266,15
7049,2020/11/29 20:08:30,2020/11/30 16:31:02,56944267,150
7054,2020/11/30 07:26:15,2020/11/30 17:06:45,56944268,150
7068,2020/11/30 15:23:13,2020/11/30 17:09:28,56944269,60
7069,2020/11/30 15:33:35,2020/11/30 17:22:06,56944270,60
7074,2020/11/30 16:57:53,2020/11/30 17:31:30,56944271,30
7079,2020/11/30 18:35:09,2020/11/30 19:17:53,56944272,30
7081,2020/11/30 18:53:11,2020/11/30 19:39:44,56944273,30
7075,2020/11/30 17:18:42,2020/11/30 19:44:51,56944274,75
7078,2020/11/30 18:31:12,2020/11/30 19:54:42,56944275,45
7082,2020/11/30 19:00:13,2020/11/30 19:55:21,56944276,30
7084,2020/11/30 19:19:43,2020/11/30 20:11:19,56944277,30
7073,2020/11/30 16:44:32,2020/11/30 20:13:16,56944278,105
7076,2020/11/30 18:12:28,2020/11/30 20:14:30,56944279,75
7088,2020/11/30 20:09:21,2020/11/30 20:15:21,56944280,15
7083,2020/11/30 19:09:18,2020/11/30 20:19:38,56944281,45
7077,2020/11/30 18:18:42,2020/11/30 20:20:21,56944282,75
7086,2020/11/30 19:47:14,2020/11/30 20:32:57,56944283,30
7080,2020/11/30 18:46:35,2020/11/30 20:54:31,56944284,75
7089,2020/11/30 20:41:02,2020/11/30 21:36:21,56944285,30
7085,2020/11/30 19:34:35,2020/11/30 21:42:59,56944286,75
7090,2020/11/30 20:54:35,2020/11/30 21:57:35,56944287,45
